dual_feasibility,objective,primal_feasibility,t,v1,v2,v3,v4,v5,v6
0.0,2942.605333877588,0.9684802683192386,0.0,0.5404955649504607,0.35578519192381886,0.3431354994917898,0.7356067339038304,0.6514771616549456,0.5606347513463286
5.161923718578381e-7,2917.2241146639008,0.9787648465062615,5.344228214325466e-7,0.5417050482884045,0.356496546730519,0.34061652090607825,0.7345229686705357,0.6510525949127102,0.562608631292055
6.561212987180571e-6,2676.9771787856434,1.079297771605249,5.878651035758012e-6,0.5534560066030546,0.36385512595256536,0.3162059503509252,0.7244323545812281,0.6469470992584114,0.582026410012394
0.0001665866008997023,1141.1020724596628,1.9193538311757032,5.932093317901266e-5,0.6440067638296503,0.44824529528120216,0.129599060155263,0.671110384480288,0.6162812941639253,0.7471151718930589
0.0016375985005664775,6.40749163350803,3.260769979878992,0.00021613487292041606,0.7482889967210797,0.6374250455525661,-0.10220189464683664,0.6694252393206541,0.5766349983387946,0.9950144989081683
0.0034506494025252792,-57.710870486299015,3.569558302680944,0.00035152653739902503,0.7617269336866762,0.6926986263781792,-0.1436119117089473,0.6836135058432897,0.5677729889090548,1.048253653863038
0.012612617783766248,-60.91928243298684,3.676078328376983,0.0010279572776656439,0.7661743695971246,0.7114566872266443,-0.15732556912995888,0.6877697783778945,0.5649154964773208,1.0661878099551807
0.026089042562930397,-61.048062038990565,3.6548995273210565,0.002040743548374989,0.7650031710986424,0.7080744679049648,-0.1547252295550894,0.6854446903001232,0.5652028300352601,1.0626232840238974
0.07092049857470344,-61.05344089294521,3.659121463877165,0.005387388775071722,0.7644109510466137,0.7098694215142156,-0.15528381527322052,0.6815897228854955,0.5645900062129753,1.0633904053829604
0.15536911079801932,-61.05346311020197,3.659423393317099,0.011693652297078534,0.762952653211723,0.7118967956955482,-0.1553718333985396,0.6740329260391424,0.5636456085209007,1.0635626370050657
0.6142302411847025,-61.053441875658315,3.6634089103190544,0.04589025862812254,0.7552165789664264,0.7229537770289932,-0.15580338149636797,0.6349793024686932,0.5589433601727021,1.0652526134195468
0.8406472707736035,-61.053421732693934,3.6654173862651307,0.06272210408925817,0.7514754509382552,0.7281931814754512,-0.15578378519002406,0.6168779614504148,0.5569170963257875,1.06630851024177
1.4083389983787422,-61.053348064331175,3.670486472847509,0.10480171774209725,0.742392562357877,0.7407311050961927,-0.1550187844000665,0.5747805180386343,0.5526592027054046,1.069480004592412
1.9158195638632918,-61.05325355370668,3.6749049354539842,0.1422758018527261,0.7347178278370858,0.751258137537439,-0.15339097192945286,0.5409863145215921,0.5498121579392579,1.072812212670313
2.5854764758517588,-61.053088857239715,3.68031918898025,0.19154329521484315,0.7253766427268229,0.7642664973635152,-0.149769188020145,0.5016558661237227,0.5473445729648924,1.0776708708878593
2.7476395980214185,-61.053041632695596,3.6815283854429426,0.20344701781837674,0.72326471901224,0.76727579205276,-0.14862956028884403,0.49300138553794154,0.5469553023670689,1.0788967673883145
3.5600422287563327,-61.052768711824775,3.686820204146523,0.26296563083604463,0.7137109591337824,0.7816551785336902,-0.141312595679895,0.4545065235183343,0.5460893437446402,1.0850965353393358
4.044448180741544,-61.05257138177475,3.6892565624777935,0.2983942992862734,0.7088830475822686,0.7897393688300149,-0.13564606255378797,0.4352521625280302,0.5463637997639239,1.08872727398866
4.556609098964718,-61.05233942221846,3.6911809011300436,0.33583893646645957,0.704537308095309,0.7979753255653486,-0.12858496553876708,0.4177051473930912,0.5472091601687034,1.0924066379542878
5.25424708940241,-61.05198049964576,3.6926609306470315,0.3868764116414186,0.6999133744580258,0.8087873465349673,-0.11722273197382099,0.3981437453894294,0.5491519223490838,1.097044729622645
6.243817378337591,-61.05138647139734,3.692475659924332,0.4594701130847235,0.6959883560248502,0.823602633309372,-0.09777850765513085,0.37817036771034984,0.553172659317109,1.102689415454469
6.884682576922101,-61.05094812640627,3.690969027193515,0.506688471004132,0.6951202878692333,0.833024933427742,-0.08320625422696419,0.36959933044398946,0.5563984644873905,1.105702698055648
8.036772192827499,-61.050052766612964,3.6858470150909373,0.5921317866189552,0.6968330045359399,0.8499418832004677,-0.0534708401198022,0.36148009581485097,0.5629924197817242,1.1098590772911814
8.80426208327834,-61.04938117272421,3.68096075939758,0.6495223338749648,0.7002792858859176,0.8613416753149274,-0.03135831290754851,0.36052180672419515,0.5677374994097083,1.1118121167335482
9.571614311711441,-61.048642036536144,3.6751549578781972,0.7073162248051768,0.7054950574672937,0.872931915419306,-0.007634729834163456,0.3624520349348654,0.5725722995799185,1.1132185998030337
10.581191437296484,-61.04758312406058,3.6665061455544183,0.7839990910208232,0.7148987864209959,0.8885612211423726,0.025719369490689082,0.36845528350541623,0.5788297268664182,1.1144173102235249
11.476757565884396,-61.046549451380116,3.6581958800799423,0.8526337446319016,0.7255177607155363,0.9028175331342101,0.05706901062766233,0.3763130038402807,0.5840799451750628,1.1150219889646962
12.088109634370062,-61.045805597702504,3.652341989028108,0.899802279920961,0.7338901597966706,0.9127763018215824,0.07928072843307604,0.3826448362748793,0.5874131843218013,1.1152627271416165
13.314862952485083,-61.04409415636587,3.6404610350604196,0.995177589085231,0.7531508067435496,0.9332958598571238,0.12549097720655197,0.3968173525072566,0.5932401411326276,1.1154526828175833
13.558933335719015,-61.043841066637704,3.6381395966466634,1.014252650918085,0.7573518083144151,0.9374499898631419,0.13490620403962572,0.3997793192517995,0.5942417652877868,1.1154623082115525
14.167225463184844,-61.04296393391335,3.632394236347343,1.06194030550022,0.7681689049319765,0.9478935508095191,0.15860571247413174,0.40711669183903904,0.5964382420762006,1.115475106934424
14.844778085784384,-61.04194001405408,3.626155855004674,1.1152734813145915,0.7808873527966396,0.9595666478948659,0.18534503757292742,0.41524596303801437,0.5982923491101321,1.1154642033109265
15.660330698014315,-61.04064172901663,3.6189365194960343,1.1797372574661638,0.7969972572240215,0.9735318474290863,0.2178564564482149,0.42473767315658817,0.5995394257194723,1.1154238030406365
16.526345278308824,-61.0391869667765,3.6116904634550693,1.2484621244164924,0.8148453703060946,0.9880784649053853,0.2525618704926695,0.43414714886308486,0.599503654859658,1.1153344117576693
17.562761903370422,-61.03732888575523,3.603649630369933,1.3310115888414966,0.8369239918714143,1.0048429395745655,0.29401696830089263,0.4441415351935632,0.5974099754240166,1.1150680277881975
18.096086773459973,-61.03633998055592,3.599799366564805,1.373592642676213,0.8484789471062228,1.013110373307821,0.3151983672051363,0.4486233150959683,0.5954047035347232,1.1148174609775703
18.882428634975668,-61.03482219823813,3.5944971880321166,1.4364691789183603,0.865581178480104,1.024761625179694,0.34607239882852175,0.4542435205338007,0.591250622997187,1.1142428238293824
19.710697681427675,-61.033136576148856,3.589396851142811,1.502788952836879,0.8835326740206957,1.0362601677586454,0.3779551183687708,0.45878648328949156,0.5853273088273848,1.1132788918954986
20.2824478691742,-61.031919095312,3.586165225465863,1.548605253129573,0.8958046722234421,1.0436916927384257,0.39947748144936274,0.4610487831832273,0.5803139497880327,1.11234186258689
20.970075894192092,-61.030418855724,3.5825976496182736,1.6037237122683705,0.9103167346671185,1.052056422623582,0.42471796418880675,0.4627576534104632,0.5733181818526334,1.1108737263589439
21.92845135868087,-61.02823160822401,3.5781977366578968,1.6805399946804636,0.9298698060190499,1.0626540503951727,0.45851904215392253,0.4632070307231135,0.5619072101624124,1.1081285933735632
22.9062223380417,-61.025896137985306,3.5743759191663873,1.7588614289362623,0.9487803670521617,1.0721855027940048,0.4911023858808707,0.4613194421556958,0.5484303648166439,1.1043966701078944
24.07460920570129,-61.022954920087074,3.5706493948839233,1.8523262008137535,0.9696421715519555,1.0819348857900934,0.5271876925453545,0.4559803791660244,0.5302261272911283,1.098635660104616
24.195352023420003,-61.022622488725844,3.570311228330385,1.8619765259130217,0.9716785338763284,1.0828444998228681,0.5307298166429284,0.4552431351516419,0.5282279625843971,1.097957786976044
24.61411815508127,-61.02153661097659,3.569193925229939,1.8954371553902032,0.9787656854375903,1.085858536409226,0.5427574498170907,0.45257783065492235,0.5211430963901944,1.0954408752074531
24.69785173731015,-61.02130654221221,3.56897454699637,1.9021292812856394,0.9802081199514642,1.0864353457738973,0.5451191076778826,0.45204110657344776,0.519696317622903,1.0949014023874337
25.535069112230527,-61.019059533850026,3.5668833572799405,1.9690505402400027,0.9950986248873906,1.091764973932992,0.5680086914514119,0.4466170839586422,0.5047699023092287,1.0889027510722815
26.111176723763226,-61.01746064702075,3.5655423244155298,2.015111778903798,1.0057381905785068,1.0949870040961651,0.5830555581130721,0.44275486106859546,0.4940518387312593,1.0842021069186238
26.917404944939932,-61.015166377385405,3.5638151730021947,2.0795687915633003,1.0208461279820473,1.09897575028275,0.6032520908192559,0.43699476694991873,0.4786106704708681,1.0770070058753507
27.252009851588557,-61.01419206590877,3.5631521677997533,2.1063149144086704,1.027116320714025,1.1004724763497749,0.6113571339400801,0.4344436532322903,0.47208520041349694,1.0738441892952337
28.002786099817033,-61.01196124167056,3.5617851721789604,2.166305695952883,1.0409678125566588,1.1035582305239855,0.6289787840809314,0.4282841635825817,0.4573016598674402,1.0664584507018224
28.62917219655279,-61.01004807369528,3.560770531432105,2.2163291975916777,1.0521908327151848,1.1058741129856926,0.643098816617234,0.42265342047802246,0.44486575141231555,1.0600357488188628
29.626728484155826,-61.006915566335024,3.5593837683247385,2.295929878008398,1.0691304982127572,1.1091947194987524,0.6645058258417161,0.41270377698000366,0.4250507406157209,1.0494439544963645
30.437817710326936,-61.00427405541013,3.5584470912311224,2.3605891098393585,1.0819024141457247,1.1116309350166145,0.6809324406942823,0.40374396039083016,0.40903219439632404,1.0405774879263376
31.678111963047453,-61.00009544946094,3.5573095284347094,2.459351537710389,1.09941892662199,1.1150566884506419,0.70433029635904,0.3886544062224312,0.3849376138906135,1.0267383787281306
32.721680174988236,-60.99643318372705,3.5565884065686513,2.5423478736346716,1.1121772951480566,1.1177448601271058,0.7223951784735722,0.3748410021689277,0.3651750395388462,1.014944028502402
33.49777082309683,-60.99362682758891,3.556170931477813,2.6040145163296664,1.1204910901254848,1.1196609460711102,0.7348701399734008,0.36404254292738314,0.3508408042828314,1.006147077625194
34.26174788659794,-60.99079428814868,3.5558445547486244,2.6646746981873783,1.1277331480537225,1.1214837986300092,0.74636450239345,0.3530795826775348,0.3370627409763814,0.9975079761319721
34.90906825280112,-60.98833979422389,3.555625117866044,2.7160406122138396,1.1331633648181836,1.1229852905534985,0.7555092735510909,0.34359621733275475,0.3256646894216417,0.9902313634329024
35.60408354859264,-60.98564832336952,3.555439922177804,2.7711615109548586,1.1383106657563697,1.1245540950755166,0.7647418790778628,0.33328063639314026,0.31372085861717663,0.9824879753600139
36.83200645247173,-60.98075124695301,3.5552179290568926,2.86848035386219,1.1458244785381024,1.127207460596613,0.7796509519334713,0.31491117390379925,0.29339026970383697,0.9690522462352399
37.96625072183942,-60.97606858062193,3.5551076944583606,2.9583097524381103,1.15116594756825,1.1295140536682446,0.79194701848147,0.29799522769398484,0.27550416981189024,0.9569968940966215
38.923154719164714,-60.97200142048832,3.555066791194437,3.0340551872710684,1.1546502830612393,1.131336695781132,0.8013327601307175,0.2839219868420131,0.2610864879843623,0.9471460410363911
39.93350257698458,-60.96758942372759,3.5550595689358246,3.114001699997536,1.1574752536406447,1.1331296383362495,0.8103669599469947,0.26938269902163464,0.24653349009297595,0.9370992013806081
40.83536621329432,-60.963552877465204,3.555073862959194,3.185345591915321,1.1593686412558821,1.134615193482482,0.8177559613416392,0.25675659731455136,0.23412113936211043,0.9284595848964855
41.85690718660099,-60.95886663988911,3.555102490660915,3.2661442032369123,1.1609261624089195,1.136167739761434,0.8254471178695261,0.24292588419694838,0.22071331460597793,0.9190616533563154
42.92011476056473,-60.95386005834694,3.5551359824480864,3.35023292317741,1.1620102905119003,1.1376425590653543,0.8327807136658673,0.2291171933365266,0.20748084464239708,0.9097255803596707
44.135994853230855,-60.94797136478529,3.5551673521205753,3.446400587778255,1.1627334869483958,1.139161089897404,0.8404411634446828,0.21410921665555221,0.19322761393005294,0.8996045855105015
45.45492962891188,-60.941400859524094,3.555182090700052,3.550736203964549,1.1630513351932301,1.1406231513213345,0.8480113025695841,0.19880050196701457,0.1787878650442634,0.8892844526977719
46.68821746007724,-60.93507542503079,3.555169284782603,3.64832354825234,1.1630349229505854,1.1418357896077649,0.8544966307243165,0.185400878205553,0.166203830923384,0.8802319813656609
47.922458187085525,-60.92858102903486,3.555126846256586,3.746019412340027,1.1628090823494706,1.1429192728013424,0.8604944213999048,0.1728563262011198,0.15445164128550795,0.8717232904388318
49.26802156660351,-60.92130090527745,3.555043943117891,3.852571731807215,1.1624065884351167,1.1439699628433913,0.8665389881465175,0.16012996939939345,0.1425419314661121,0.8630401761299593
50.51263454253371,-60.91438980347438,3.5549338200186904,3.951174733675278,1.1619409637368574,1.1448348951797431,0.8717200577543951,0.14919676978206786,0.13231214577906622,0.8555286769154783
52.92224601886514,-60.900520793333094,3.554634061507752,4.142203586069995,1.1609015743849493,1.1462651280143505,0.8807740906320783,0.1301283206121475,0.11445861312904594,0.8422877277217694
54.58761888297869,-60.89055909194174,3.5543672542628615,4.274332749095605,1.1601310901327453,1.1470927766494998,0.8863536424441365,0.1184268814125573,0.10348902585814108,0.8340626036793992
56.203287960713126,-60.88059569259686,3.5540683143094514,4.402597830295374,1.1593745961460553,1.1477874905996266,0.8912932467889888,0.10810358036821861,0.09379837646580283,0.8267356501877874
58.93123689373486,-60.863118423605925,3.5534910726704814,4.6193355935064115,1.1581153054037745,1.1487465300789466,0.8986741641284454,0.09270821591524299,0.07931739441946342,0.8156777742235041
60.84042187407357,-60.85038967269827,3.553042018572426,4.771146914011945,1.1572582342739153,1.1492788909484533,0.9031928065829491,0.0832841240603735,0.07043531896219334,0.808829678807105
64.57736834784438,-60.824300007857715,3.5520827894258202,5.068580511026068,1.155668614542782,1.1500493549658513,0.9107067059558263,0.06753636105047656,0.05556011329701282,0.7972454703953132
68.56589769627013,-60.79472474897159,3.5509686738755377,5.3864466238740025,1.1541179979318943,1.1505641094098442,0.9170818226714601,0.05402183099208683,0.04276384099492497,0.7871555980713001
71.965442773207,-60.7681107866178,3.54996401859524,5.657700682180478,1.1529248215898011,1.1508259433716181,0.9214214378027354,0.0446745736833534,0.03390109534260945,0.7800864073287747
75.71699139836824,-60.737221071609866,3.5488087093910146,5.95738996132992,1.1517447956767153,1.1509863949931634,0.9252740924476401,0.03622592575273742,0.025886406815810958,0.7736197539501917
82.17295053595224,-60.680363165312926,3.546734134412053,6.473969724850403,1.1500244932654409,1.1510668030707825,0.9301532326020562,0.025219557696151425,0.015452911160784155,0.7650483781328583
88.61548680899445,-60.61892115325524,3.5445817710076915,6.9905494883708865,1.1486499882942205,1.1510067164864655,0.9333921439226873,0.01756423417698894,0.008220274602697386,0.7589316472030823
97.16623246171565,-60.53009094969328,3.5416361143079413,7.677829302316849,1.1472306717120924,1.150830775953649,0.9360554467966156,0.010837829000450758,0.0019154155445041275,0.7533485190108288
105.69351734298398,-60.43321080184623,3.5386278751572062,8.365109116262811,1.1461565667031528,1.1506084349765968,0.9375288252938533,0.006693490713148661,-0.0019072394250470792,0.7496806004631067
114.19748247651385,-60.32830929575584,3.5355788516300697,9.052388930208773,1.1453215993200945,1.1503686322449924,0.9383024852804853,0.004146602960966412,-0.004193869956083861,0.7471965274195187
126.09656538180403,-60.16757148672061,3.5312557486818124,10.017218153870838,1.1444173722637643,1.150021407904544,0.9387579365320075,0.002133338614271669,-0.0059059261684585845,0.7448578556404098
137.95025410971354,-59.99118518533848,3.5269032776875093,10.982047377532902,1.1437135573903596,1.1496711913140656,0.9388473670026838,0.001142243148189597,-0.006641837997554347,0.743261376977651
151.98813174143498,-59.76117575872685,3.521708247286689,12.129436358440463,1.1430340814753304,1.1492529113275143,0.9387800674061398,0.0006039012481119748,-0.006912938009028385,0.7418141202913361
166.59408737550254,-59.4974000331302,3.516269542415201,13.328794256375131,1.142432952874531,1.1488160982680313,0.9386638273963992,0.00038448450082654326,-0.006878251381802232,0.7405321271201929
184.65331186307694,-59.136526646485606,3.509510255118297,14.819587189804913,1.1417742068697088,1.1482744410731573,0.9385472819575852,0.0003024236397710728,-0.006665514684903547,0.7390546729305532
204.306245873121,-58.69982163624016,3.5021203172680435,16.45192905251017,1.1411161241647125,1.1476838512885472,0.9384819288376475,0.0002935233496229154,-0.006367139901972665,0.7374757770480131
235.0014581432686,-57.92507711332735,3.4905200378578787,19.022541318278552,1.140148095894682,1.146760715157291,0.9384906459193607,0.000310868691394362,-0.005883247736963348,0.7349888002744513
277.04756487851466,-56.67784718138275,3.4745294588706415,22.586337679054886,1.1388727178754183,1.1454965679214808,0.9386392309054865,0.0003298379338487898,-0.005235003443189443,0.7315198549835894
344.6500537098414,-54.21195115148075,3.4485929971747735,28.422598082811877,1.1368620725225596,1.143467273074324,0.9390381918653473,0.00034093947662410684,-0.00421447084014693,0.7258273075140984
410.7276871945446,-51.23761194809324,3.4229746304202235,34.25885848656887,1.1349142789343711,1.1414903633059246,0.9395275247319206,0.00034465557288678415,-0.003217960663242481,0.7201538816492723
518.4687731569862,-45.14514436615798,3.380625759918721,44.069430474129554,1.1317546703626942,1.138279309234877,0.9404530279444709,0.0003471133902326256,-0.0015774205322161355,0.7106881880297358
596.522212242933,-39.72881032882796,3.349481795379482,51.41828984130372,1.1294830671710157,1.1359695528978104,0.9412153376311756,0.00034870686064970824,-0.000372917845857131,0.703658207203409
666.4514915561846,-34.12955617060646,3.321235194917386,58.18518292233154,1.127460322949305,1.133911535011445,0.9419602925246584,0.00034961749880354966,0.0007175909883135244,0.6972324837809685
706.8204766137474,-30.565411056548974,3.3047761297987295,62.173941897717874,1.126299154987261,1.1327294670850347,0.9424180630226567,0.0003501348955241793,0.0013523300081943125,0.6934661932459875
708.9004308259857,-30.375064976890904,3.303925014867022,62.381134985295525,1.1262394633599704,1.1326686856631596,0.9424422060314338,0.0003501595145669,0.0013851361639416386,0.6932709907788716
710.2335440077744,-30.252717274916016,3.3033793453267037,62.51401946663875,1.1262012152751402,1.1326297389080133,0.9424577129142742,0.0003501758374825861,0.0014061687927971749,0.6931458175900101
710.8816939958482,-30.192668028357282,3.303111920066157,62.57869266559941,1.1261823706383725,1.1326104605186158,0.9424650808126969,0.00035001899264847043,0.001416735960047049,0.6930845701498605
711.0112718009099,-30.180617231285307,3.303058288148282,62.59162730539155,1.126178561019329,1.1326065567010195,0.9424665181389316,0.00034996635287080663,0.0014188681989656447,0.6930723008173603
712.3066890839749,-30.059996047589873,3.302522049109763,62.720973703312865,1.1261404557293988,1.1325674791509315,0.9424808534915583,0.0003494548598747937,0.0014401982764422612,0.6929496477580289
725.2246191998453,-28.842414310060033,3.2971665827413847,64.01443768252605,1.1257608498398772,1.132178216427695,0.9426240768764526,0.0003461304411639213,0.0016552878118032508,0.6917252268176923
738.0768704654984,-27.60426975667162,3.2918236727878964,65.30790166173924,1.1253839373731103,1.1317918110865985,0.9427678936758755,0.0003448559443241585,0.001872425120149363,0.6905035891773986
772.3279907803992,-24.172580235705226,3.2775125359360873,68.78752646821827,1.1243828402732339,1.130765669886411,0.9431615505056238,0.00034429433572898615,0.00245929954782966,0.6872252626868932
806.112265321449,-20.596142882782488,3.263291607966778,72.26715127469731,1.1234000962337096,1.129758246391326,0.9435665339229975,0.00034468202376476817,0.003046831243487848,0.6839563194232834
862.3599130638652,-14.207767013104956,3.239377786490727,78.16855436223304,1.12177326437709,1.1280894835033812,0.9442780389898005,0.0003448795917083011,0.004041915285500109,0.6784328668595008
928.4555984260758,-5.982581467335692,3.2108843404464107,85.28375148514641,1.1198767762977693,1.126141404393431,0.9451742084655005,0.00034501753594971265,0.0052397968925477975,0.6718096416512049
1006.5210274553255,4.780552696949851,3.176657674441554,93.9539176992153,1.1176588459146706,1.1238581421378504,0.9463187899590068,0.0003448625534104815,0.006696206739103183,0.6637942033415369
1102.9642981836998,19.741313825579898,3.133463589724448,105.09370883451497,1.1149550231876306,1.1210656276148023,0.9478682836139007,0.0003443402361813533,0.008562005546502926,0.6535869917149271
1195.962131856391,36.03370272012684,3.0907911614824553,116.32363571971737,1.1123931993621394,1.1184086764901486,0.9495170712094598,0.0003437155983147231,0.010436544831646176,0.643402175490652
1308.616827066337,58.434573801734324,3.037639258776088,130.63655535839973,1.1093581621207909,1.1152436019760095,0.9517343334485411,0.0003423913497193936,0.0128154872414965,0.6305772410452752
1415.0059696512087,82.52377872550365,2.9858339433905794,144.94947499708206,1.1065772020217604,1.112322813563213,0.9540771909375938,0.0003409053616755837,0.015182731058820818,0.6179280382769995
1446.6964946569149,90.29382092450659,2.970075980633921,149.37678437509697,1.1057687494111157,1.1114691809960948,0.9548278087077056,0.0003406453009442881,0.015912709365362345,0.6140507756039433
1523.535314049899,110.34828770437571,2.9312008911024714,160.4505100892148,1.1038447539408986,1.109427722881889,0.9567487512763406,0.0003388567267796053,0.017732204875622208,0.6044287633273921
1564.8099509855076,121.86760217758331,2.9099080494755336,166.6094633054687,1.1028368681039509,1.1083519433938702,0.9578456788565889,0.00033809704725745965,0.01874108595579446,0.5991239739774001
1650.1586413040502,147.46732219301867,2.864898715395886,179.85327415351406,1.1008105740125642,1.1061732271773834,0.9602630557303562,0.000335578335318017,0.020901486547084732,0.5878324925578187
1692.1985944993382,161.01549171888928,2.842211485330166,186.6479863237055,1.0998473864476626,1.1051286656716253,0.9615365362542612,0.00033455854351991163,0.02200568591251751,0.5821000977547057
1747.3497688721723,179.79746454662728,2.811892662213582,195.85664701072207,1.098619594386188,1.1037870059230084,0.9632931328414085,0.00033253791933899414,0.02349664605545783,0.5743978719188145
1786.4426989486426,193.8433055929237,2.789997477026081,202.6003010079754,1.0977766997792713,1.1028581886419644,0.9646013816506439,0.0003313461188256502,0.024585160373116435,0.5688066156991156
1858.8329896394575,221.5762051139343,2.748501254077775,215.6023049253465,1.0962780218696033,1.1011878015176355,0.9671683243512877,0.0003280303934691752,0.02667414506088896,0.5581447929896485
1905.2305790397918,240.6143207452837,2.721206533546229,224.3172774633607,1.095366822329127,1.100157291394485,0.9689223519655802,0.0003259393141799831,0.02806792606359009,0.5510855679922797
1953.5795397113138,261.5890404748966,2.6921353039012,233.74586931471512,1.0944603740157224,1.0991179346161601,0.9708452709506264,0.00032338412451499935,0.029569603122957328,0.5435280896941518
2010.690613257771,287.97652332374616,2.656902922576317,245.38100946563858,1.0934504245031038,1.0979386671597333,0.9732496109641662,0.0003196870153794704,0.03141364364518001,0.5343170256917615
2086.478410951824,325.9628447122617,2.6085018121684183,261.75100133882785,1.0922211339122685,1.096461610448984,0.9766797700763011,0.00031491031491639185,0.03399258502408523,0.5215759623713021
2100.0424567311347,333.14903526891436,2.599624078706534,264.80365117216326,1.0920168973074105,1.0962100395859766,0.9773261321973616,0.0003141685826320666,0.03447154328624633,0.5192279572090174
2116.4948203417493,342.0336064586512,2.5887625050194103,268.55999563852606,1.0917753353405564,1.0959097295006717,0.9781234606768228,0.0003129450095452078,0.0350597093534679,0.5163507104960071
2137.760366107402,353.7992861227965,2.574566672444143,273.5055897573332,1.091473359393249,1.0955295657904176,0.9791759986272888,0.0003112733857448268,0.03583253524198003,0.5125832077584739
2145.8500223097935,358.36096740454315,2.5691186675790725,275.41457196494537,1.0913616638564767,1.0953874417008327,0.9795831163763141,0.00031063300428326124,0.03613039336201195,0.5111352517422707
2151.259861595064,361.43853069622685,2.565460375458061,276.69988363226764,1.09128795087894,1.095293164242439,0.9798574604727287,0.0003101946856374896,0.0363307911656792,0.510162319410265
2151.3395525450806,361.4840286819539,2.565406395334187,276.7188699048641,1.091286870947886,1.0952917800748345,0.9798615143578324,0.0003101881792494313,0.03633375049999103,0.5101479594316864
2151.532329233511,361.598247510768,2.5652709923698227,276.76541829263755,1.0912832643781067,1.0952875399972584,0.9798706140889281,0.0003105025422611413,0.03634068075209795,0.5101122629812773
2151.570692671045,361.6212936392685,2.565243689929497,276.77472797019226,1.0912823902693856,1.0952865419432254,0.9798722907489205,0.00031056088435151756,0.03634201733503679,0.5101050999281475
2151.954245429031,361.85175831588606,2.564970696467836,276.86782474573914,1.0912737224200701,1.0952766208567584,0.9798891378234892,0.00031114686107629007,0.0363553808279224,0.5100334496751046
2155.780784908005,364.15813879861673,2.5622428565126523,277.79879250120814,1.0911878844088738,1.0951783401342865,0.9800589414224516,0.00031552964741186055,0.03648743398210285,0.5093157549203401
2160.5702582525746,367.06332577568344,2.5588174663430023,278.9696656512344,1.0910819768852296,1.0950569497413507,0.9802752213166869,0.000318474575341245,0.036650684001246533,0.5084112093899814
2170.824579164623,373.3532629240939,2.5514415409440323,281.4979095711798,1.0908608043833488,1.0948027406016272,0.9807494563535709,0.0003210238150011892,0.03699839396006352,0.5064562716237283
2183.3836817798997,381.1897073077182,2.5423277901472767,284.63509114164975,1.0906000147335104,1.0945014345458446,0.9813485594839921,0.0003220467454557471,0.03742586536369414,0.5040319919111415
2218.5900521956914,403.97556690017666,2.5162867247543925,293.6808072945552,1.0899240071604825,1.0937098424297511,0.9831268183834386,0.0003233806301282628,0.03864552055128469,0.49706572897233314
2238.3575129344176,417.32954950627686,2.5013278756816426,298.9325666405401,1.0895795267250803,1.0932984354111936,0.9841893869815397,0.0003238155702022876,0.03934561694314301,0.49304002558202487
2295.934182353252,458.77272813052116,2.456223328485758,315.0190018537327,1.0887019105526232,1.0922121564677003,0.9875354782147905,0.00032314372196848106,0.04145405784993074,0.48081232858729805
2333.5561828963823,488.145023093708,2.425369865303394,326.24610645850856,1.0882317809185593,1.091591584158991,0.9899348433301762,0.00032190700348265456,0.04289494445278219,0.4723782778144103
2384.5301295095765,531.3204710166816,2.381529575758136,342.52112178878514,1.0877146662018997,1.0908474172437816,0.9934596900419339,0.00031878410832391577,0.044940729278896155,0.46031368489842556
2393.3036963752465,539.1902791093273,2.3737193290247323,345.46127253412766,1.087640853912378,1.0907314784886275,0.9941012231027576,0.000318299833774669,0.04530521803526959,0.45815509455622144
2451.2230578170656,594.9044625354727,2.319888927285165,366.06935889142625,1.0872529377442226,1.0900391255358137,0.998598184056571,0.00031299263920558896,0.04781615997896832,0.44321400150953444
2469.304946668401,613.8038231121611,2.302173870550793,372.986127226948,1.0871744643027703,1.0898552465382743,1.0001092175167494,0.00031176267979388653,0.04864313539173958,0.43827356428528097
2486.2659071205835,632.2797978808107,2.2851046877087002,379.7153834177045,1.0871185231874094,1.0896953725862266,1.0015760368110083,0.0003094640159073984,0.049439044348000276,0.4335027303682802
2507.033615917868,655.9840175181375,2.2635504055426594,388.30496847079945,1.0870742036617531,1.0895165381688292,1.0034411143385062,0.00030653376009325396,0.050444405331020375,0.42746577505195843
2538.208395288708,694.0953306703051,2.2296647489013077,402.0210313860638,1.0870603314079206,1.0892841750234237,1.0063969212633392,0.0003024058224510089,0.05202639749449658,0.4179494790765862
2566.1314402861994,731.2437624109716,2.1974893315322808,415.29149279211543,1.0871079889011275,1.0891169961624036,1.0092269350520293,0.00029809955994520264,0.05352940139400404,0.40888573599545786
2598.2210784045647,778.2317981430483,2.157908799136605,431.95606570116803,1.087240132977618,1.0889758290007154,1.0127287786090313,0.0002924800042267628,0.05538009745983534,0.39770367791770683
2631.56330272063,833.2374040812147,2.1130323746824935,451.32029104201126,1.087479750674861,1.0888947890615484,1.0167146271916043,0.0002857854685926635,0.057481413406794205,0.3849877567191873
2641.8459753780166,851.7830747615699,2.098232258947653,457.8196285513872,1.0875793704251635,1.088886375442002,1.0180319133870959,0.0002836671313788545,0.05817531382499068,0.38078602052315214
2669.8047295627603,907.0388570965938,2.0550567785937144,477.1095493923513,1.0879154422931834,1.0889016015669566,1.0218670315212588,0.00027678406878211723,0.06020191932282705,0.36851032046762555
2678.278168130231,925.4648629348152,2.0409509293959855,483.5209764053284,1.0880411602214979,1.0889208115085898,1.0231185960654803,0.00027464834991952793,0.060865066608317975,0.36449399823693274
2704.9706832808783,990.3952766391353,1.9923286140889895,506.0459079274999,1.088519455102124,1.0890266558043884,1.0274092729835467,0.0002666154733166978,0.06315466616863821,0.35063331661246677
2718.5290249583763,1028.6864740754845,1.9644009723135205,519.2914168000168,1.0888277317589192,1.089117765132853,1.0298588899259002,0.0002621041756607112,0.06447289326893206,0.34266096768758225
2725.9351307949487,1051.6775416305063,1.9478830860477965,527.2343583041966,1.089019569488839,1.0891802232573433,1.0313002080936817,0.00025933413374887624,0.06525363071497538,0.33794260982501834
2732.693477899183,1074.2638619634092,1.931832239206849,535.0317493499689,1.0892120042878193,1.089246362222125,1.0326944677694228,0.00025662368773674314,0.06601316151591553,0.333355824290815
2747.6373181113963,1131.5675753047854,1.891858812606365,554.797146942237,1.0897135405452305,1.0894314348589262,1.0361352604472926,0.00024982841638895674,0.06790874504450026,0.3219263482363081
2747.736148737138,1131.990044007502,1.8915679636166614,554.9428149807857,1.0897173267703713,1.089432909435929,1.0361601512998626,0.000249785164035298,0.06792256378031541,0.32184315482879866
2747.790828441716,1132.224079567136,1.8914068651930698,555.0235107867657,1.0897194273303987,1.0894337296659538,1.0361739396621177,0.00024976143952938195,0.0679302180586678,0.3217970740848629
2747.8506188454726,1132.4910349135635,1.8912237068286895,555.1146171369534,1.0897027876376124,1.0894212588761678,1.0361742913413594,0.0002461131833364851,0.06793664489416736,0.3217458982037461
2747.862403861756,1132.544674994979,1.891186963855874,555.1328384069909,1.0896978941262216,1.0894172840938736,1.036172889665519,0.00024506984282375355,0.06793771554721242,0.3217357606135602
2747.9805742338594,1133.0803826097374,1.890819898189837,555.3150511073663,1.0896531707572337,1.0893816824100526,1.0361627550550496,0.000236192570032,0.06794971814317358,0.3216347878109043
2748.275187418636,1134.41984028879,1.8899024155312318,555.7707460357493,1.0895429725261658,1.0892942796017346,1.0361378465015083,0.0002184654277735014,0.06798410780128071,0.32138614398299314
2748.818803729779,1136.9073881471475,1.8881997820969896,556.6172962916027,1.0893425524500706,1.0891362866133705,1.036092640236889,0.0001975733027543301,0.0680597599354245,0.32093478365861855
2749.4561864279003,1139.851049044787,1.8861870572235038,557.6195103665415,1.0891124351767238,1.088956945392661,1.0360430950331607,0.00018541234869798724,0.06816143704635169,0.3204109022455378
2750.6503266648374,1145.4480772271752,1.8823663959521881,559.5263695251731,1.088695043529321,1.0886387850654522,1.0359658209652594,0.00017885410149925775,0.06837013797671357,0.3194257921141403
2751.8654964248085,1151.259761324856,1.8784079676126093,561.5080354553389,1.0882881483346087,1.0883390605363583,1.0359116556821304,0.00018051433862647224,0.06859370177807374,0.3184048671359708
2754.3705492727354,1163.646797937666,1.8700008963885426,565.7369687342612,1.0875023591601216,1.0877945410911258,1.0358820239583404,0.00018814385672461358,0.06906907249867351,0.31621505726501714
2755.78754357965,1170.9212677724245,1.865082734881789,568.2235542193943,1.0870883010075165,1.0875290942084326,1.0359148241473923,0.00019254001852773135,0.06934495710665878,0.31491926271682125
2758.206022184401,1183.848524605696,1.8563776308478648,572.6473863923587,1.0864275899461737,1.087141701580793,1.0360516994807385,0.0001991841941538947,0.06982858067718012,0.31260160947398274
2759.6422618040324,1191.8686208347162,1.850999341289625,575.394929439093,1.0860615096788024,1.0869497313091008,1.0361818799430842,0.00020268457778294336,0.07012461687460865,0.31115580306520474
2762.0487559968756,1205.97485437144,1.841581210104762,580.2324264141365,1.0854877240999259,1.0866873518071476,1.0364817197211924,0.00020785185101645959,0.07063843097210994,0.3086020546944661
2763.4500845043626,1214.6312211796185,1.8358278396393632,583.2039106032566,1.085175488172623,1.086568201168876,1.0367053282760141,0.00021046199515487287,0.07094961596707475,0.3070296723197447
2766.914016029361,1237.7666049745076,1.8205480992340082,591.1552407495255,1.0844633706076439,1.0863725305160665,1.0374200677595882,0.00021581128885085821,0.07176746201196395,0.3028166623364662
2772.7695344354706,1285.3928685103906,1.7895305896153564,607.5622693368914,1.0834198094148555,1.0863599542375753,1.0392679417994368,0.00022134711059239163,0.07339582661475604,0.2941409860539693
2776.343608758105,1324.7624748546768,1.7643221532917244,621.1611595183109,1.082861576291247,1.0865941130084755,1.0410347151127752,0.00022242742749085525,0.07469423878432224,0.2870062175469165
2779.833280600722,1389.9569992990826,1.7234006932604466,643.749302979713,1.0822935821230113,1.0871812354860944,1.0441555341096838,0.00022049417889216107,0.07676869806746599,0.2753352563587073
2780.541635672956,1431.1154623015407,1.69807053413602,658.0580529512623,1.0820952499655243,1.0876081072192239,1.0461765126758948,0.00021818354408640957,0.07803707492553245,0.2680753057907399
2779.240049051415,1500.7232785576268,1.6560714754701669,682.3520164193217,1.0819408719872388,1.0883359586146593,1.0495778319550393,0.00021309175267938727,0.08012129762585332,0.25600353901676437
2776.5947114370456,1548.7795919243406,1.6276610328988594,699.2035680941043,1.0819418678203112,1.0888277965381323,1.0518914731202043,0.0002093578858493043,0.08152083009630343,0.24781988126151022
2769.017536307546,1630.4096698864796,1.5804316420387154,727.9969534035647,1.0820973644403844,1.0896220280730724,1.055716914174278,0.00020260550612922486,0.08383405646922568,0.2341944090766563
2757.894429861171,1711.3589440599467,1.534797316071367,756.7903387130251,1.0824123203846487,1.0903578129605997,1.0593642763766333,0.0001958648895758726,0.0860580625923738,0.22101113947114898
2740.705340209468,1805.6992096429774,1.4830150915213607,790.692275770921,1.0829404120958614,1.0911495957629418,1.0634117017668567,0.0001879900301280337,0.08857441082294541,0.2060388648698145
2719.5643967640544,1898.886499660362,1.4332404077724137,824.5942128288169,1.0835994289029702,1.0918656168268954,1.067185673957833,0.00018027706283892854,0.0909911161806136,0.1916407483816487
2694.46780772852,1992.4217960902852,1.3845553911458883,859.0879599619766,1.0843702735176597,1.0925217196327548,1.070745403659936,0.00017263652988225918,0.09335748161364331,0.17755732914914216
2666.1860149536933,2084.5838294785194,1.3377501168941635,893.5817070951363,1.0852156347600614,1.0931104125998037,1.074029279464068,0.00016533161985808801,0.09563861640088124,0.16402135757456035
2640.0854551271364,2161.3722070173635,1.299581191980804,922.7426969862945,1.085972255867393,1.0935589419707579,1.0765974464365888,0.00015935045126889454,0.09750545856361473,0.15298793799458663
2633.2749167514417,2180.4029487482135,1.2902330965580568,930.0329444590841,1.0861655513514412,1.0936638509667578,1.0772101030654342,0.00015794250090899408,0.09796387885747222,0.1502866963444867
2633.06886737212,2180.972984380496,1.2899537569762805,930.2517112080294,1.0861713879225467,1.0936669712614406,1.0772283239633464,0.00015789957704086797,0.09797758284781315,0.15020598129821286
2632.907257292542,2181.417452218476,1.2897360886531142,930.421646250465,1.0861621287805703,1.0936532542603037,1.0772288883746401,0.00015589467175810114,0.09798739926884033,0.15014305278413995
2632.8746762806436,2181.5066338997462,1.289692436535307,930.455633258952,1.0861578164869174,1.0936479091685787,1.077226569314237,0.00015516794689794894,0.09798924555374582,0.15013044155840718
2632.548650045824,2182.39846538105,1.2892559641128987,930.7955033438232,1.0861140970859489,1.0935937438741958,1.0772026894134255,0.00014863932520935505,0.09800850037934945,0.1500051494604692
2631.7756115564157,2184.510839347863,1.2882224746017694,931.6009912960322,1.0860155460839054,1.0934699816976796,1.0771505661868668,0.0001384310789450962,0.09805896548491735,0.1497129797624453
2630.8779865270767,2186.9598223747726,1.287024872894132,932.535708429439,1.085910821884728,1.093335515202126,1.0770990906376434,0.00013277964503832538,0.09812287488789148,0.1493792067216899
2628.942174821746,2192.226806766659,1.284451331239509,934.5490119713551,1.0857171203926654,1.093077137561436,1.077019398929104,0.00013045448042242724,0.09826748761009796,0.14866729422564626
2627.002631264313,2197.4835600989663,1.2818857060446414,936.5623155132712,1.0855625264513622,1.0928578407940626,1.0769788442942227,0.0001329253095977588,0.09841327363477752,0.14795694340159085
2623.6927934664113,2206.4053572787607,1.2775380884333185,939.9875532902349,1.0853743895500032,1.092560561940526,1.0769853966906482,0.00013812427130161742,0.09865521755844017,0.14674398353834345
2621.478219855882,2212.339686929163,1.2746510496010381,942.2712275996195,1.0852933279400092,1.0924075442421257,1.07703435383366,0.00014111115604686344,0.09881179021589277,0.14593204004923818
2616.263381165958,2226.1997270974534,1.2679232509999598,947.6200444819359,1.0852075545404998,1.0921560005822757,1.0772521115978115,0.00014619115144888414,0.09916634837266992,0.14402412434264014
2613.632013008691,2233.132531035457,1.2645659723870786,950.3030256726373,1.0852090788889341,1.092075865806832,1.0774048133685954,0.00014793885449223027,0.09933890216740017,0.14306537723025764
2609.0726700888426,2245.0481372621634,1.2588082315549325,954.9251043002386,1.0852608700016737,1.0919893747936398,1.0777143568451706,0.00015000100957437154,0.099630015750521,0.14141381952134063
2595.562780406431,2279.652379197838,1.2421769098102105,968.4194789774125,1.0856269951346043,1.0919692223907695,1.078807089177609,0.00015173339202512239,0.10045055350569372,0.13661233304946552
2589.5699217928445,2294.6810335141536,1.234995289663193,974.3119126426991,1.0858483719779184,1.0920299705394354,1.0793319697170785,0.00015169386077211624,0.10079978657158935,0.1345310453699532
2573.9885920103916,2332.895810653878,1.2168455028811953,989.378622140936,1.0864715364396316,1.0922642172677184,1.0806896969196644,0.0001497425207425613,0.10167819449875334,0.1292641942618924
2563.8624972219345,2357.113104715574,1.2054254198979288,998.9892129710706,1.0868899653768915,1.0924504026597062,1.0815454974505958,0.00014813025739810517,0.10223053576998137,0.12594889478280066
2536.072603180434,2421.3582777084957,1.1754289277910361,1024.725493914749,1.0880315952342543,1.093027682448157,1.0837427428936537,0.00014351729967383698,0.1036855032627996,0.11724426580746473
2521.4091265084726,2454.087831062812,1.1603103900393001,1037.976263069916,1.0886206424136287,1.093357201573484,1.0848125604533412,0.00014128916792083648,0.10442211533012241,0.11286065909780918
2484.841084851104,2532.697866452809,1.1244324837129123,1070.2048728117197,1.0900601991504182,1.0942471551020818,1.087256771568262,0.0001358681730614245,0.10617752074741088,0.10246780429837976
2466.1236199080668,2571.4675456131017,1.1069568187816896,1086.3191776826216,1.0907732288878431,1.094725995919758,1.088389954087765,0.00013318985982097516,0.1070369306300616,0.09741197231860643
2464.5669356483572,2574.6513606103963,1.105527969044834,1087.6491774901622,1.0908321119002617,1.0947666958924709,1.0884812010711418,0.0001329802854968994,0.10710730707032524,0.09699877872672014
2462.618622479184,2578.627689191286,1.1037447761941488,1089.311677249588,1.0909057048082271,1.094817800462516,1.088594763737362,0.00013271691576593683,0.10719515660989722,0.09648315366748213
2462.172616499498,2579.5365877381532,1.1033373879397992,1089.691889205295,1.0909218200420294,1.094828739982508,1.0886199515201365,0.00013257502140006568,0.10721521389364445,0.09636534058962358
2460.0033686771058,2583.949220604658,1.1013607087228598,1091.5384229779054,1.0909820978163103,1.0948629315787535,1.0887240234077649,0.00013075857047306183,0.10731307463373216,0.09579414148349068
2458.473186986907,2587.0548131328155,1.0999706249536834,1092.8390877480706,1.0910208790707379,1.094883027228592,1.0887932899507948,0.00012994347138292804,0.10738271538368735,0.09539324576012768
2454.1053049364323,2595.88851930311,1.096021489947512,1096.543987059141,1.0911245274324106,1.0949324845013055,1.088982336403261,0.00012857510601872916,0.1075822228631645,0.09425593458169507
2451.1742543737014,2601.790976008282,1.0933867876258516,1099.0239218615686,1.091190886979572,1.0949619157565218,1.0891047441217256,0.00012802868187631615,0.10771604252093167,0.09349785102850748
2442.2227118573337,2619.694966523125,1.085414390367986,1106.5685422429362,1.0913898232427686,1.0950459152638605,1.0894690148080122,0.00012673438388120448,0.10812194899051857,0.09120485714911816
2435.8747799049993,2632.2828652511334,1.079826584402399,1111.893282505093,1.0915296532614438,1.0951024562847693,1.0897209406380084,0.000125932726974366,0.10840692013944604,0.08959813199201828
2419.072508898723,2665.186651817158,1.065287571500895,1125.8922816520853,1.091898407282816,1.0952443843700712,1.0903667482567092,0.00012383294749866898,0.10914951313435173,0.0854184953660319
2407.520478903883,2687.4760473717192,1.0554931185959109,1135.4429306278769,1.0921500348324547,1.0953351479748592,1.0907930697307469,0.0001223984569178492,0.10965077930019562,0.08260362773423195
2380.562274607829,2738.51202830305,1.03322915497241,1157.5223903227236,1.0927336401557244,1.095530077943438,1.0917377697327642,0.00011918043595500875,0.11079325785508257,0.07620751617574714
2363.1385595224506,2770.8187781800725,1.0192502484043982,1171.6561535966757,1.0931056691930296,1.0956422389294247,1.0923108306091747,0.00011718246350269077,0.11151306699646836,0.07219348576154204
2325.2653906764817,2839.378065326103,0.9898715372811275,1202.0696787745524,1.0939067424469844,1.0958598192592997,1.0934693715146955,0.00011306503072923935,0.11303188096374094,0.06376194046092687
2297.990301981961,2887.466285302086,0.9694913148317781,1223.7582557196083,1.0944716563698151,1.0959914767420489,1.0942302060777078,0.00011017543384219769,0.11409097516032399,0.05791680159456542
2235.5713849957797,2993.970327146637,0.924993148304905,1272.9024433554493,1.0957415362252518,1.096240553159996,1.0957785388410806,0.00010400577592500295,0.11641898919588636,0.04516535529469071
2197.140542622142,3057.3750052854048,0.8989054108398304,1302.9361275184267,1.0964962693803861,1.0963516671043168,1.0966007398989803,0.0001004492812398744,0.1177954713115941,0.037697050783522215
2145.7513785398783,3139.903902211575,0.8653814529441698,1342.959536991204,1.0974885060846604,1.0964715531431104,1.0975751364207083,9.585691477065114e-5,0.11957624714508434,0.028107461457265785
2095.951406323096,3217.6833594184163,0.8342187257008614,1381.7102185969645,1.0984220427660025,1.0965508078684028,1.0983861458248714,9.175493629078366e-5,0.12124540758437269,0.019201388558554598
2014.761609569446,3340.4401771042744,0.7858517482764852,1445.0774894840058,1.0998974856806103,1.0966228764655417,1.099468311060584,8.53497363669187e-5,0.12386251900176626,0.005393230041206866
2011.6185365564422,3345.1007523937133,0.7840345450431474,1447.540612145417,1.0999489852851605,1.0966198396318048,1.0995001843964247,8.498404778522964e-5,0.12396185556503184,0.004874673875389295
2009.201986866707,3348.6795873883384,0.7826400470086048,1449.4349300307897,1.0999904060149595,1.0966193394329384,1.0995263139676228,8.487277356467275e-5,0.12403808573517357,0.0044769213083804054
2005.6305626858984,3353.9617707646357,0.7805833052710391,1452.235502892723,1.1000528494575554,1.0966198430423097,1.0995658313822265,8.467518560507307e-5,0.12415039552484479,0.003890267352587842
2004.8577248099832,3355.103720098742,0.7801388906929965,1452.8416902766746,1.1000664289270963,1.0966200200928926,1.099574398350689,8.462473584068046e-5,0.12417465485738449,0.0037635011959503174
2002.243355606054,3358.9639678894773,0.7786372036770767,1454.8928628332533,1.1001093655718284,1.0966177212679487,1.0996003046253153,8.428565401359131e-5,0.12425679008338025,0.0033349947616613425
2001.6155726846976,3359.8904921046897,0.778276930825269,1455.3857998502065,1.1001124982588766,1.0966102316596367,1.0995994577475456,8.378368148397499e-5,0.12427682967932532,0.003231765106876301
1998.0955994064093,3365.0806482319044,0.7762597492381911,1458.150186399727,1.1001362124708742,1.0965746332625461,1.0996008538641733,8.281290726074119e-5,0.12439021802838482,0.0026555982243882635
1996.7732445221075,3367.0282388205933,0.7755032281693297,1459.1888015853574,1.100150360744984,1.0965666541928896,1.0996066117950791,8.29386943035967e-5,0.12443267396050026,0.002439998688569524
1987.0896618747827,3381.256658858839,0.7699835017632555,1466.8000217029582,1.100257486057599,1.0965148708564236,1.099652377568672,8.263235777498652e-5,0.12474086492975861,0.0008656551107881325
1981.7384340168733,3389.0942891453624,0.7669483625431562,1471.0104761638884,1.1003159726145384,1.09648776323669,1.0996770204711646,8.222559796478421e-5,0.12491018276610578,-3.185326649323324e-7
1968.038688301432,3409.079563319878,0.7592261731198636,1481.8049758892569,1.100461125076461,1.0964205251163273,1.0997357017233045,8.131016417760316e-5,0.1253416308459362,-0.0022036285583938806
1959.2531390939141,3421.8364938919435,0.754309779816234,1488.739621826206,1.1005508546931544,1.0963789629747112,1.0997700900909244,8.072393150982009e-5,0.12561671221333495,-0.003606516097918926
1936.3199968330566,3454.9230980120356,0.7416046015385984,1506.889579617306,1.1007744073354295,1.096276542612813,1.0998494337565417,7.922562564795565e-5,0.12632892422608613,-0.0072323920514849715
1923.372831453306,3473.4699876141203,0.7345114591513336,1517.1696701549233,1.1008933751191536,1.0962215320428386,1.0998870870509194,7.838478204610196e-5,0.12672743618552773,-0.009257004462849234
1888.6585284153048,3522.745222771303,0.7157655861997018,1544.8629152245933,1.1011915006884558,1.0960850311215897,1.0999670347322164,7.614502722509373e-5,0.12778335873884508,-0.01460887206971702
1871.5974799011506,3546.729342998514,0.7066927176280483,1558.5495334779164,1.1013257387685789,1.0960212843399653,1.0999938326059902,7.511666838671085e-5,0.12829608927924943,-0.017199762090731954
1827.2410199970059,3608.402333661331,0.6835144700497577,1594.3924280202214,1.1016465658722558,1.0958686928679928,1.100033691224746,7.242843705952099e-5,0.1296099868969086,-0.023820768387921226
1805.7046330251783,3638.006326926269,0.672464993480083,1611.9442556001572,1.1017857211252324,1.095797419154179,1.100035360671243,7.11041387198578e-5,0.13023869580785274,-0.026978345262772298
1756.392514240505,3705.0013552306605,0.647638748596737,1652.5372651987036,1.1020745201475386,1.095644493857688,1.1000055248612717,6.822912941183902e-5,0.13165628915910624,-0.03407558870348273
1725.4319686491572,3746.5301059527574,0.6323720066518019,1678.3403005989971,1.1022323475830287,1.0955502301646252,1.0999601780077053,6.652794309738097e-5,0.13253191849675308,-0.038442129206223266
1657.2723508435363,3836.601960424359,0.5995737724101775,1736.1040836185641,1.1025323352201248,1.0953509587113621,1.0998021420065405,6.280673442765779e-5,0.13442198174869122,-0.04782883382683641
1620.320957163435,3884.701289334944,0.5822311245085741,1768.035019322087,1.1026642141204275,1.0952397462616006,1.0996789744486326,6.0899022950765536e-5,0.135427151929497,-0.052795886370640685
1544.5846599551699,3981.799362945917,0.5475755189223432,1834.9936278571747,1.1028902871296458,1.0950152345388982,1.0993648848134527,5.6994587753000014e-5,0.13744606627703224,-0.06272917374313282
1495.2771408797378,4044.0096095193303,0.5256144056665988,1879.8121059814318,1.102999128278203,1.0948598305905122,1.0991086705703774,5.45897416175411e-5,0.13873398117801886,-0.06902997523529895
1405.8041904970894,4155.033581503316,0.4868767394124869,1963.9333662798897,1.1031449019724089,1.0945713172518021,1.0985620051355809,5.028476130444276e-5,0.1410204093248095,-0.08015578143821322
1345.986624599173,4228.015511758367,0.4617212936171694,2022.4633148723015,1.1031981547824496,1.0943609668049246,1.0981297193263342,4.7993506450082277e-5,0.14251740440793334,-0.087389516428217
1245.8565775907648,4348.135979085941,0.42083295221276484,2125.169485591956,1.1032363045446723,1.093994153039736,1.097311254748813,4.31332870570167e-5,0.14496788864104906,-0.099164038217507
1184.012702409184,4421.1386885888805,0.3962869704190295,2192.029634112277,1.1032189231817673,1.0937449861430504,1.0967364113234424,4.051926318779927e-5,0.14645219220295036,-0.10624318333499604
1109.8742946421146,4507.543412230508,0.3675223231208875,2276.147253963278,1.1031739023368707,1.0934361348210775,1.0959931649962218,3.7453276286782497e-5,0.1482028732108502,-0.11454893612404715
1039.7550035233326,4588.216842019645,0.3409399150139196,2360.2648738142793,1.1031005373796974,1.093124539645723,1.0952283543090868,3.4604914044806284e-5,0.14983313479648264,-0.122235539137834
957.6833132844421,4681.429288055535,0.31054658225256804,2465.2696291104285,1.102984472580452,1.0927401547897833,1.0942633244945583,3.1460019242889956e-5,0.15171191536775971,-0.1310371190198637
918.8653723361782,4725.084764146629,0.2964277005155834,2517.772006758503,1.1029151529893515,1.092547034563268,1.0937770861563714,3.000921451269688e-5,0.15259076179456263,-0.13513124923215178
821.0241109563544,4833.955918251102,0.2615301933165932,2659.5048144337397,1.1027223894232623,1.0920480405077564,1.092488553630953,2.630972734677983e-5,0.15477745035763601,-0.14526380267167147
777.7785514436076,4881.57069713354,0.24640568278192987,2727.188954855244,1.1026181659188916,1.091810348248006,1.091878671511731,2.4795718975650468e-5,0.15573352630592743,-0.14966266301187875
704.4263023281875,4961.659320069678,0.22115070897076294,2850.365249005074,1.1024355809824824,1.0914023358787535,1.0908078966340495,2.2181871459126453e-5,0.15733892626273002,-0.1570158818748064
637.599338956866,5033.917239276114,0.1985602146204758,2973.541543154904,1.1022495298005546,1.0910107567592762,1.0897778247684042,1.9887325149118338e-5,0.15878697866985145,-0.16360395301833708
605.1931718329768,5068.724060415702,0.18774321702541064,3037.760223957812,1.1021532030244832,1.09081427222876,1.0892597898320124,1.8797031224702684e-5,0.15948450078953932,-0.16676216190926255
527.128724739294,5151.970184002274,0.16204059348631095,3206.882739969778,1.101914037419654,1.0903313327746909,1.0879708397340555,1.6168131985731513e-5,0.16115187838072922,-0.17427498795018243
510.80005514537555,5169.278591967683,0.15672600979349594,3245.3169422264145,1.1018585751532566,1.090224284888035,1.087689310513488,1.5631372286437724e-5,0.16149910133385353,-0.1758306330594768
440.810992813799,5243.070353340618,0.13417956352277915,3424.534974475127,1.101626946043064,1.089768288584537,1.086463584554108,1.3355096138330415e-5,0.1629779427883547,-0.1824344990059028
418.0805376952355,5266.901322046115,0.1269365630895689,3488.7749842308485,1.1015461705403058,1.0896133038832874,1.0860504568434466,1.2620180604505566e-5,0.16345623654404196,-0.184558759727892
362.72234918546064,5324.670689653263,0.10945492770236043,3660.5087047166176,1.1013520667070256,1.0892351036703858,1.0850274824044517,1.0906350470116323e-5,0.1646153797065413,-0.1896891318683347
337.1654321581852,5351.2152790579285,0.10145827755471859,3748.6807238235933,1.1012583645250154,1.089054563716645,1.0845410715595123,1.007317875426267e-5,0.16514867992837268,-0.19203851468252267
286.7132577329569,5403.38964167878,0.0858057208562012,3943.619830833922,1.101074094911178,1.0886948977753872,1.083562747281363,8.565234474129095e-6,0.16619735134475355,-0.19664030441136082
262.0983607967131,5428.737596557437,0.07823219744209597,4051.4206417911755,1.1009812009903575,1.0885142401579015,1.0830725887786679,7.748565057046527e-6,0.16670752541464612,-0.19886915720084408
219.52517890161565,5472.415844609515,0.06522881799626323,4263.63792281128,1.1008216801373736,1.0881990919219053,1.0822105316176436,6.451299739317695e-6,0.16758723029835715,-0.20269820663035043
197.84120389356613,5494.584939023274,0.05865150129209762,4388.045991401141,1.1007386707106346,1.0880346814641022,1.081761478151867,5.791948509238086e-6,0.16803442448612987,-0.2046365704755622
165.77142508248488,5527.277389987141,0.04897949200782137,4599.08678370144,1.1006170730182931,1.0877897962393772,1.0810881745396441,4.834215615424261e-6,0.1686943536072259,-0.20748824330435142
147.31656141350635,5546.040133759205,0.04344330169467292,4739.845400095435,1.100546366503017,1.0876463755807437,1.0806939028237381,4.284661276550692e-6,0.16907361976416183,-0.2091214880137498
120.00843845876722,5573.736978866986,0.03529045482013782,4983.756324538237,1.1004427311270204,1.0874325829224087,1.0801031606286837,3.492314040344061e-6,0.16963395793271613,-0.21152756985003418
105.51843241947505,5588.401288242467,0.030983243109309333,5136.847605286458,1.1003874658492396,1.087317463097237,1.0797849989264854,3.0506871539559903e-6,0.16993100920684417,-0.21279933035133858
83.57648371925966,5610.565335797941,0.02448542183020952,5413.493200574987,1.1003048274513059,1.0871422086529372,1.079298336301993,2.40959333960334e-6,0.17038035142461572,-0.2147183627630151
72.78666896083043,5621.446098098255,0.021300894765168277,5577.646497433178,1.1002641462609781,1.0870549893859485,1.079056070212253,2.0947746564607967e-6,0.1706012135356845,-0.21565918099016929
57.86891873021999,5636.469837253773,0.01690960074143355,5849.44930940212,1.1002086517324865,1.0869340189052548,1.078718688703349,1.664282853657894e-6,0.1709063617112495,-0.2169566962794654
49.5347810716484,5644.853303479813,0.014462110848816323,6033.858261625523,1.100177735881671,1.0868658831793936,1.0785285211526847,1.4212473252827312e-6,0.17107679759826178,-0.21768001904778733
37.74989628497909,5656.695879992143,0.011008298413310413,6355.217526233399,1.1001345308420698,1.0867692314412412,1.0782579421960672,1.0805144486823043e-6,0.1713177033818334,-0.21870084327699332
31.828030624528413,5662.641444046332,0.009275876842514963,6557.34557805091,1.1001129183325153,1.0867203524063132,1.0781209978934772,9.106639446924152e-7,0.17143875023340713,-0.21921295324805795
23.06826548228021,5671.429778146131,0.006717031715796962,6937.3144745179725,1.1000813156858815,1.0866479039980084,1.077917479329108,6.570489619075281e-7,0.1716177562059903,-0.2199693926869835
19.14511878588899,5675.363229142481,0.005572490961224585,7157.936576956831,1.1000672317163098,1.0866152973903658,1.0778258239193772,5.46850069867323e-7,0.17169793208702985,-0.2203077628327284
13.76493645023609,5680.755032171702,0.004004341192551664,7547.110077914074,1.100048105981643,1.0865705433448551,1.0776997442731124,3.7003787710639075e-7,0.17180784328389614,-0.22077139582171243
11.11013559702334,5683.414504778017,0.003231176283523318,7800.482693269554,1.100038712214846,1.0865483853473568,1.0776373097869005,3.231349740132359e-7,0.1718621209987105,-0.22099995567034939
7.415224314931441,5687.114746632761,0.002155782096683545,8276.163846099122,1.1000257342645776,1.0865175280885992,1.0775502091349634,2.0840017253423562e-7,0.17193761031460705,-0.22131790707335128
5.799298031733255,5688.73257823731,0.0016857211954064422,8566.569990991478,1.1000200825865154,1.086504004162119,1.0775120179728244,1.6437794538652348e-7,0.17197063317957226,-0.2214568812565811
3.4984547799261208,5691.035685437296,0.0010166854218340848,9158.73990750575,1.1000120793613375,1.0864847445629202,1.0774575547201286,6.907613163182381e-8,0.17201761938501164,-0.22165471277261442
2.6344447440454504,5691.900410327605,0.0007655294044534022,9493.533773764568,1.100009083495025,1.0864774945676619,1.0774370772237076,8.293968254550188e-8,0.17203531392679922,-0.2217289302429555
1.3876317317127214,5693.148123991161,0.0004031741990329074,10239.559786256294,1.1000047757514737,1.086467045465782,1.0774074869295496,1.2374476498363207e-8,0.17206075817341004,-0.22183609506093277
0.9859630604806389,5693.550050207556,0.0002864583798125597,10642.26619428903,1.1000033913337273,1.086463668542736,1.0773979559105111,4.5058697650164444e-8,0.17206901034229152,-0.2218705587013529
0.43455043273132377,5694.101791059558,0.0001262454079982156,11584.952856384023,1.1000014930306665,1.0864590455037204,1.0773848487759412,-1.1038854683096691e-9,0.17208024906309669,-0.22191795527462282
0.2774441640540903,5694.25898609545,8.06011773688553e-5,12111.798530065089,1.10000095314688,1.086457723635491,1.0773811187804172,1.5471484997979362e-8,0.17208348058177425,-0.22193142917595848
0.08575936518924478,5694.450781313348,2.4911185516174328e-5,13421.626500170358,1.1000002943986047,1.0864561169480287,1.0773765585139474,-6.611242631404278e-9,0.1720873816920489,-0.22194791003660663
0.04559822971566252,5694.490972294053,1.3241397302854452e-5,14157.380175455497,1.100000156512817,1.0864557778143302,1.0773756059886448,4.733439080361605e-9,0.17208821496358687,-0.22195134791274276
0.005630648901255441,5694.531093025405,1.5920544534919756e-6,16229.63869951078,1.1000000188157633,1.0864554417042793,1.0773746519387017,1.5358012904210302e-10,0.1720890310680268,-0.2219547953620944
0.0023090710483885954,5694.534661862488,5.558192478494206e-7,17417.569735826895,1.1000000065693263,1.0864554117581458,1.0773745671290953,5.4791535131551883e-11,0.17208910396812885,-0.22195510171761956
0.0014660822133328642,5694.5358842683345,2.0088579189003752e-7,18570.01661467085,1.1000000023742877,1.0864554015016057,1.0773745380797155,1.962505763873292e-11,0.17208912893663994,-0.22195520665250973
0.0013556824414135663,5694.536167690184,1.1859242876610665e-7,19186.821207640176,1.1000000014016613,1.0864553991231813,1.0773745313448946,1.3549541550921091e-11,0.17208913472779105,-0.22195523098023393
0.00130886271283222,5694.536371341637,5.946091596875647e-8,19987.881941601107,1.1000000007027773,1.0864553974148206,1.0773745265048056,5.186349788619694e-12,0.1720891388850454,-0.22195524846472237
0.0012928288859428718,5694.536562766187,3.879564558495474e-9,22374.744240133427,1.100000000045853,1.0864553958087437,1.07737452195567,-8.781017797144154e-13,0.1720891427944798,-0.22195526489771067
0.0012927603274707994,5694.536575091199,3.0091862335268615e-10,24685.694915942226,1.1000000000035568,1.0864553957051823,1.077374521662968,-2.897490088188231e-13,0.17208914304715833,-0.22195526595480194
0.0012927599134248738,5694.5365761740395,1.349131917294244e-11,27964.712789665587,1.0999999999998407,1.0864553956959713,1.0773745216373964,4.785868324005728e-13,0.17208914307006595,-0.2219552660469731
0.0012927599126113184,5694.5365761193825,2.3787638525618604e-12,46378.868391701304,1.1000000000000283,1.0864553956964578,1.0773745216386599,3.037647671709956e-13,0.1720891430687752,-0.2219552660424539
0.0012927599125863891,5694.536576128185,1.7685852782278744e-13,50000.0,1.099999999999998,1.086455395696351,1.077374521638493,5.136843021240444e-13,0.17208914306916268,-0.2219552660430036
