benchmark,bits,delay,distance,dual_status,ipopt_objective,objective,primal_status,random,time
unitbox_c_20_20_1_100.jl,10,0.001,1.0603902748539038,true,-28.190570483215524,-27.660000000000007,true,false,1.799999999998698
unitbox_c_20_20_1_100.jl,10,0.01,2.538213640870079,true,-28.190570483215524,-25.628981492161035,true,false,1.499999999998953
unitbox_c_20_20_1_100.jl,10,0.1,0.15098019896489848,false,-28.190570483215524,-27.990532394282297,true,false,10.000020000021332
unitbox_c_20_20_1_100.jl,10,0.2,1.2317435054218842,true,-28.190570483215524,-27.61122206350431,true,false,10.000020000021332
unitbox_c_20_20_1_100.jl,10,0.4,2.533563085476409,true,-28.190570483215524,-12.680000000000001,true,false,2.2500000000001656
unitbox_c_20_20_1_25.jl,10,0.001,3.4641016415583157,true,-12.820000327967328,-10.81,true,false,2.280000000000362
unitbox_c_20_20_1_25.jl,10,0.01,3.4641016415583157,true,-12.820000327967328,-10.81,true,false,5.639999999998097
unitbox_c_20_20_1_25.jl,10,0.1,2.742175016044527,true,-12.820000327967328,-9.202792195429849,true,false,2.3100000000005587
unitbox_c_20_20_1_25.jl,10,0.2,0.7638082150498072,true,-12.820000327967328,-12.430970556800736,true,false,2.7600000000035068
unitbox_c_20_20_1_25.jl,10,0.4,3.2086625001300293,true,-12.820000327967328,-10.286708585406558,true,false,10.000020000021332
unitbox_c_20_20_1_50.jl,10,0.001,0.11580646452551034,false,-25.54180157092706,-25.47258838695198,true,false,10.000020000021332
unitbox_c_20_20_1_50.jl,10,0.01,2.648959497730166,true,-25.54180157092706,-23.810000000000006,true,false,1.4099999999990296
unitbox_c_20_20_1_50.jl,10,0.1,1.7626029863398378,false,-25.54180157092706,-26.589133222656475,true,false,10.000020000021332
unitbox_c_20_20_1_50.jl,10,0.2,2.2398627692409487,true,-25.54180157092706,-26.340000000000003,true,false,1.979999999998545
unitbox_c_20_20_1_50.jl,10,0.4,2.1092681099182933,true,-25.54180157092706,-26.336572874111067,true,false,1.6499999999988255
unitbox_c_20_20_2_100.jl,10,0.001,2.7233349972100878,false,-18.87524671938841,-18.090214876597642,false,false,10.000020000021332
unitbox_c_20_20_2_100.jl,10,0.01,2.1117200316211258,false,-18.87524671938841,-17.008817902843877,false,false,10.000020000021332
unitbox_c_20_20_2_100.jl,10,0.1,0.47978585739544904,true,-18.87524671938841,-18.10446224531036,true,false,10.000020000021332
unitbox_c_20_20_2_100.jl,10,0.2,1.2405970427874482,true,-18.87524671938841,-17.520729892784423,true,false,3.000000000005079
unitbox_c_20_20_2_100.jl,10,0.4,0.89455593400836,true,-18.87524671938841,-15.100789889976468,true,false,10.000020000021332
unitbox_c_20_20_2_25.jl,10,0.001,3.00379632736734,false,-7.220000227323183,-6.0358298989228665,false,false,10.000020000021332
unitbox_c_20_20_2_25.jl,10,0.01,2.656131762425025,false,-7.220000227323183,-7.4246681537209,false,false,10.000020000021332
unitbox_c_20_20_2_25.jl,10,0.1,1.9970283976361012,false,-7.220000227323183,-8.04868794814591,false,false,10.000020000021332
unitbox_c_20_20_2_25.jl,10,0.2,2.645751317976997,true,-7.220000227323183,-9.879999999999997,true,false,3.3600000000074375
unitbox_c_20_20_2_25.jl,10,0.4,2.449845543722831,false,-7.220000227323183,-7.027036923270245,false,false,10.000020000021332
unitbox_c_20_20_2_50.jl,10,0.001,1.7320508197274593,true,-16.50000053357963,-17.03,true,false,4.560000000007009
unitbox_c_20_20_2_50.jl,10,0.01,3.31215962093615,true,-16.50000053357963,-6.510596423277799,true,false,4.710000000005771
unitbox_c_20_20_2_50.jl,10,0.1,2.6457513334139917,true,-16.50000053357963,-11.479999999999997,true,false,4.3200000000089895
unitbox_c_20_20_2_50.jl,10,0.2,2.645751332703422,true,-16.50000053357963,-16.419999999999998,true,false,6.359999999992156
unitbox_c_20_20_2_50.jl,10,0.4,3.881328293191794e-8,true,-16.50000053357963,-16.5,true,false,2.280000000000362
unitbox_c_20_20_3_100.jl,10,0.001,2.3843545275225124,true,-26.100000811830604,-22.511911148679893,true,false,6.839999999988195
unitbox_c_20_20_3_100.jl,10,0.01,2.3593127134075624,true,-26.100000811830604,-22.406731404241583,true,false,4.3200000000089895
unitbox_c_20_20_3_100.jl,10,0.1,1.4131736680882898,true,-26.100000811830604,-23.380046192021165,true,false,2.550000000002131
unitbox_c_20_20_3_100.jl,10,0.2,0.02364919203943204,true,-26.100000811830604,-26.099449972193813,true,false,2.219999999999969
unitbox_c_20_20_3_100.jl,10,0.4,0.027447649780860242,true,-26.100000811830604,-26.099259455192325,true,false,1.6499999999988255
unitbox_c_20_20_3_25.jl,10,0.001,1.7320507925640363,true,-22.120000444757924,-23.43,true,false,1.4099999999990296
unitbox_c_20_20_3_25.jl,10,0.01,0.42722356215106044,true,-22.120000444757924,-22.098638819901243,true,false,3.0300000000052756
unitbox_c_20_20_3_25.jl,10,0.1,1.7320507925640363,true,-22.120000444757924,-23.43,true,false,3.1500000000060617
unitbox_c_20_20_3_25.jl,10,0.2,0.08638848229788279,true,-22.120000444757924,-22.115680573893904,true,false,2.9700000000048825
unitbox_c_20_20_3_25.jl,10,0.4,1.0053947804007928,true,-22.120000444757924,-22.06583947265326,true,false,3.5700000000088132
unitbox_c_20_20_3_50.jl,10,0.001,2.6457512852391543,true,-15.370000487235615,-18.54,true,false,1.2599999999991571
unitbox_c_20_20_3_50.jl,10,0.01,2.6457512852391543,true,-15.370000487235615,-18.54,true,false,2.159999999999576
unitbox_c_20_20_3_50.jl,10,0.1,2.236067940860605,true,-15.370000487235615,-15.679999999999994,true,false,1.5899999999988765
unitbox_c_20_20_3_50.jl,10,0.2,2.6457512852391543,true,-15.370000487235615,-18.54,true,false,3.270000000006848
unitbox_c_20_20_3_50.jl,10,0.4,1.2016562771790935e-7,true,-15.370000487235615,-15.369999999999996,true,false,1.8299999999986725
unitbox_c_20_30_1_100.jl,10,0.001,1.5869100679289925,true,-14.761886857197618,-15.320826447443988,true,false,3.330000000007241
unitbox_c_20_30_1_100.jl,10,0.01,3.273457592779906,true,-14.761886857197618,-17.080000000000002,true,false,4.230000000009732
unitbox_c_20_30_1_100.jl,10,0.1,2.292086411997973,true,-14.761886857197618,-12.554936572935304,true,false,4.20000000000998
unitbox_c_20_30_1_100.jl,10,0.2,0.04484455363230636,true,-14.761886857197618,-14.760666345825845,true,false,3.6300000000092063
unitbox_c_20_30_1_100.jl,10,0.4,2.4950100557676875,true,-14.761886857197618,-13.557056429147204,true,false,5.250000000001315
unitbox_c_20_30_1_25.jl,10,0.001,0.01568528218374065,false,-13.357097107414683,-13.368390243989479,false,false,10.000020000021332
unitbox_c_20_30_1_25.jl,10,0.01,3.045688070763572,false,-13.357097107414683,-7.840203580879562,false,false,10.000020000021332
unitbox_c_20_30_1_25.jl,10,0.1,0.12903216553162603,false,-13.357097107414683,-13.450000000000001,false,false,10.000020000021332
unitbox_c_20_30_1_25.jl,10,0.2,0.12903216553162603,false,-13.357097107414683,-13.450000000000001,false,false,10.000020000021332
unitbox_c_20_30_1_25.jl,10,0.4,2.104741875446041,true,-13.357097107414683,-12.49571761003433,false,false,10.000020000021332
unitbox_c_20_30_1_50.jl,10,0.001,3.9440544992321725e-8,true,-20.09000056450875,-20.09,true,false,4.740000000005524
unitbox_c_20_30_1_50.jl,10,0.01,3.9440544992321725e-8,true,-20.09000056450875,-20.09,true,false,5.879999999996117
unitbox_c_20_30_1_50.jl,10,0.1,3.9440544992321725e-8,true,-20.09000056450875,-20.09,true,false,1.859999999998647
unitbox_c_20_30_1_50.jl,10,0.2,2.1210798026399793,true,-20.09000056450875,-16.962297674019382,true,false,10.000020000021332
unitbox_c_20_30_1_50.jl,10,0.4,2.249030952791488,true,-20.09000056450875,-16.86007442248612,true,false,10.000020000021332
unitbox_c_20_30_2_100.jl,10,0.001,2.6848957976675845,true,-19.951519791954816,-11.78,true,false,1.0499999999993357
unitbox_c_20_30_2_100.jl,10,0.01,0.00231685566887585,false,-19.951519791954816,-19.95019590573904,true,false,10.000020000021332
unitbox_c_20_30_2_100.jl,10,0.1,0.35194991259625946,false,-19.951519791954816,-19.407230867717058,true,false,10.000020000021332
unitbox_c_20_30_2_100.jl,10,0.2,0.25793621272866946,true,-19.951519791954816,-19.82860413868916,true,false,10.000020000021332
unitbox_c_20_30_2_100.jl,10,0.4,1.9445996942078503,true,-19.951519791954816,-17.298569782203575,true,false,7.949999999979036
unitbox_c_20_30_2_25.jl,10,0.001,1.8591138070792472,false,-13.680000398268305,-12.324692909638822,false,false,10.000020000021332
unitbox_c_20_30_2_25.jl,10,0.01,0.03318826868811766,true,-13.680000398268305,-13.678340584441404,true,false,8.819999999996133
unitbox_c_20_30_2_25.jl,10,0.1,0.06984937792811954,true,-13.680000398268305,-13.676507528979403,true,false,9.810000000017274
unitbox_c_20_30_2_25.jl,10,0.2,5.861402161645307e-8,true,-13.680000398268305,-13.68,true,false,2.3100000000005587
unitbox_c_20_30_2_25.jl,10,0.4,0.16799905327454628,true,-13.680000398268305,-13.671600045212084,true,false,4.350000000008742
unitbox_c_20_30_2_50.jl,10,0.001,0.1282039671095602,false,-24.709691857915534,-24.544308125854695,true,false,10.000020000021332
unitbox_c_20_30_2_50.jl,10,0.01,1.8104186509353202,true,-24.709691857915534,-22.11,true,false,2.7600000000035068
unitbox_c_20_30_2_50.jl,10,0.1,0.5268924367643615,true,-24.709691857915534,-24.029999999999998,true,false,2.7600000000035068
unitbox_c_20_30_2_50.jl,10,0.2,1.8104186509353202,true,-24.709691857915534,-22.11,true,false,1.7699999999987235
unitbox_c_20_30_2_50.jl,10,0.4,1.8104186509353202,true,-24.709691857915534,-22.11,true,false,4.020000000011465
unitbox_c_20_30_3_100.jl,10,0.001,2.919431204395709,false,-21.440000741697897,-24.05467525611249,true,false,10.000020000021332
unitbox_c_20_30_3_100.jl,10,0.01,2.9135621229334836,false,-21.440000741697897,-24.031603440894774,true,false,10.000020000021332
unitbox_c_20_30_3_100.jl,10,0.1,2.9556680601528105,false,-21.440000741697897,-24.178622046149766,false,false,10.000020000021332
unitbox_c_20_30_3_100.jl,10,0.2,3.073625934910831,true,-21.440000741697897,-23.244033891952622,true,false,10.000020000021332
unitbox_c_20_30_3_100.jl,10,0.4,2.297663391535481,true,-21.440000741697897,-7.099435317882398,true,false,10.000020000021332
unitbox_c_20_30_3_25.jl,10,0.001,0.03191696624370575,false,-9.54418919834114,-9.527378277441947,true,false,10.000020000021332
unitbox_c_20_30_3_25.jl,10,0.01,0.05777209679686712,false,-9.54418919834114,-9.571193811596302,false,false,10.000020000021332
unitbox_c_20_30_3_25.jl,10,0.1,2.4503485701213696,true,-9.54418919834114,-7.686670490565017,true,false,10.000020000021332
unitbox_c_20_30_3_25.jl,10,0.2,2.495501303810268,true,-9.54418919834114,-7.46,true,false,3.960000000011368
unitbox_c_20_30_3_25.jl,10,0.4,1.538898682175545,true,-9.54418919834114,-7.901773143898082,true,false,10.000020000021332
unitbox_c_20_30_3_50.jl,10,0.001,3.952900574473204e-8,true,-28.83000068296313,-28.82999999999999,true,false,1.5899999999988765
unitbox_c_20_30_3_50.jl,10,0.01,2.000000016221874,true,-28.83000068296313,-28.709999999999997,true,false,1.619999999998851
unitbox_c_20_30_3_50.jl,10,0.1,3.952900574473204e-8,true,-28.83000068296313,-28.82999999999999,true,false,5.100000000002553
unitbox_c_20_30_3_50.jl,10,0.2,2.000000016221874,true,-28.83000068296313,-28.709999999999997,true,false,7.619999999981759
unitbox_c_20_30_3_50.jl,10,0.4,3.952900574473204e-8,true,-28.83000068296313,-28.82999999999999,true,false,5.909999999995869
unitbox_c_20_40_1_100.jl,10,0.001,0.16270804967236374,true,-15.471778199087467,-15.193479981343703,true,false,10.000020000021332
unitbox_c_20_40_1_100.jl,10,0.01,3.2764071721341033,false,-15.471778199087467,-18.61060799339477,true,false,10.000020000021332
unitbox_c_20_40_1_100.jl,10,0.1,3.3836535540836676,true,-15.471778199087467,-19.310244086971085,true,false,5.070000000002801
unitbox_c_20_40_1_100.jl,10,0.2,3.3839238635442994,true,-15.471778199087467,-19.310397235719805,true,false,6.629999999989928
unitbox_c_20_40_1_100.jl,10,0.4,3.0259536783983916,true,-15.471778199087467,7.34,true,false,0.3599999999999223
unitbox_c_20_40_1_25.jl,10,0.001,2.4494897628980064,true,-10.590000376396432,-7.160000000000001,true,false,3.5400000000086167
unitbox_c_20_40_1_25.jl,10,0.01,3.7579618052757805e-8,true,-10.590000376396432,-10.59,true,false,8.15999999998204
unitbox_c_20_40_1_25.jl,10,0.1,2.645751329905117,true,-10.590000376396432,-6.56,true,false,3.390000000007634
unitbox_c_20_40_1_25.jl,10,0.2,3.7579618052757805e-8,true,-10.590000376396432,-10.59,true,false,2.610000000002524
unitbox_c_20_40_1_25.jl,10,0.4,3.7579618052757805e-8,true,-10.590000376396432,-10.59,true,false,4.770000000005276
unitbox_c_20_40_1_50.jl,10,0.001,2.1877142429280547,false,-21.086229218073925,-21.257038228125033,true,false,10.000020000021332
unitbox_c_20_40_1_50.jl,10,0.01,1.8190442924553336,true,-21.086229218073925,-20.942698414278862,true,false,2.940000000004686
unitbox_c_20_40_1_50.jl,10,0.1,1.7472079851453794,true,-21.086229218073925,-20.95574474667154,true,false,4.290000000009237
unitbox_c_20_40_1_50.jl,10,0.2,2.600497112595777,true,-21.086229218073925,-21.97,true,false,9.030000000000618
unitbox_c_20_40_1_50.jl,10,0.4,2.3004297036803227,false,-21.086229218073925,-17.64188190019916,false,false,10.000020000021332
unitbox_c_20_40_2_100.jl,10,0.001,2.0367249688340627,true,-30.510000817006492,-30.507024611780643,true,false,6.029999999994879
unitbox_c_20_40_2_100.jl,10,0.01,2.0367877280702578,true,-30.510000817006492,-30.507058307460692,true,false,6.299999999992651
unitbox_c_20_40_2_100.jl,10,0.1,1.5943450418066636,true,-30.510000817006492,-28.621060727766956,true,false,10.000020000021332
unitbox_c_20_40_2_100.jl,10,0.2,4.003192658802122e-8,true,-30.510000817006492,-30.510000000000012,true,false,2.03999999999879
unitbox_c_20_40_2_100.jl,10,0.4,1.9170222745435137,false,-30.510000817006492,-18.66785074741254,true,false,10.000020000021332
unitbox_c_20_40_2_25.jl,10,0.001,0.07621640959230237,false,-10.82542478589562,-10.797803681056973,false,false,10.000020000021332
unitbox_c_20_40_2_25.jl,10,0.01,2.434975323990036,true,-10.82542478589562,-9.02,true,false,1.5299999999989276
unitbox_c_20_40_2_25.jl,10,0.1,0.23058696921787591,false,-10.82542478589562,-11.171823661310917,false,false,10.000020000021332
unitbox_c_20_40_2_25.jl,10,0.2,1.98442296300922,true,-10.82542478589562,-7.43373254525456,true,false,10.000020000021332
unitbox_c_20_40_2_25.jl,10,0.4,2.2052987726461217,false,-10.82542478589562,-2.71014191921315,false,false,10.000020000021332
unitbox_c_20_40_2_50.jl,10,0.001,0.4776177844566796,false,-24.264369347488753,-24.184859573864372,false,false,10.000020000021332
unitbox_c_20_40_2_50.jl,10,0.01,0.030639186330524346,false,-24.264369347488753,-24.27801341846691,false,false,10.000020000021332
unitbox_c_20_40_2_50.jl,10,0.1,0.206390192770113,false,-24.264369347488753,-23.999403460014957,true,false,10.000020000021332
unitbox_c_20_40_2_50.jl,10,0.2,0.42596170003857753,false,-24.264369347488753,-24.450600889022528,false,false,10.000020000021332
unitbox_c_20_40_2_50.jl,10,0.4,1.0200051215474801,false,-24.264369347488753,-23.379480663124852,false,false,10.000020000021332
unitbox_c_20_40_3_100.jl,10,0.001,0.02929339331426483,true,-26.271984352145864,-26.27119423988053,true,false,1.0799999999993102
unitbox_c_20_40_3_100.jl,10,0.01,2.825617736476072,false,-26.271984352145864,-24.723824533471642,true,false,10.000020000021332
unitbox_c_20_40_3_100.jl,10,0.1,1.1804579537983475,false,-26.271984352145864,-25.776811774408255,false,false,10.000020000021332
unitbox_c_20_40_3_100.jl,10,0.2,0.026288860992686607,true,-26.271984352145864,-26.271347880774023,true,false,2.2500000000001656
unitbox_c_20_40_3_100.jl,10,0.4,0.02626527997969137,true,-26.271984352145864,-26.271349018918084,true,false,4.530000000007257
unitbox_c_20_40_3_25.jl,10,0.001,3.259809724589342,true,-11.934256442025777,-13.12,true,false,3.960000000011368
unitbox_c_20_40_3_25.jl,10,0.01,3.2702785998428867,true,-11.934256442025777,-13.129179449052168,true,false,10.000020000021332
unitbox_c_20_40_3_25.jl,10,0.1,3.473871561425062,true,-11.934256442025777,-13.410000000000002,true,false,8.489999999989086
unitbox_c_20_40_3_25.jl,10,0.2,3.3850406450958075,true,-11.934256442025777,-13.312519041335213,true,false,10.000020000021332
unitbox_c_20_40_3_25.jl,10,0.4,3.473871561425062,true,-11.934256442025777,-13.410000000000002,true,false,7.169999999985472
unitbox_c_20_40_3_50.jl,10,0.001,0.07103355515208355,false,-27.406394982624278,-27.457538482037414,false,false,10.000020000021332
unitbox_c_20_40_3_50.jl,10,0.01,0.08480386003097573,true,-27.406394982624278,-27.345335543105627,true,false,10.000020000021332
unitbox_c_20_40_3_50.jl,10,0.1,0.25040961700314357,true,-27.406394982624278,-27.226099398085662,true,false,10.000020000021332
unitbox_c_20_40_3_50.jl,10,0.2,0.3584876878940208,false,-27.406394982624278,-27.664505457611618,false,false,10.000020000021332
unitbox_c_20_40_3_50.jl,10,0.4,0.5605634412112215,false,-27.406394982624278,-27.81,false,false,10.000020000021332
